{
    "$schema": "https://schema.management.azure.com/schemas/2019-04-01/deploymentTemplate.json#",
    "contentVersion": "1.0.0.0",
    "parameters": {
        "clusterName": {
            "type": "string",
            "metadata": {
                "description": "The name of the cluster"
            }
        },
        "ServiceAddressPrefix": {
            "type": "string",
            "defaultValue": "172.18.0.0/18",
            "metadata": {
                "description": "The address space in CIDR notation for the Kubernetes services. The range should be a subset of the VnetAddressPrefix and should not overlap with PodSubnetAddressPrefix"
            }
        },
        "dnsServiceIP": {
            "type": "string",
            "defaultValue": "172.18.0.10",
            "metadata": {
                "description": "Containers DNS server IP address. It must be within the ServiceAddressPrefix range."
            }
        },
        "agentPoolProfiles": {
            "type": "array",
            "metadata": {
                "description": "Define one or multiple node pools configs."
            }
        },
        "kubernetesVersion": {
            "type": "string",
            "metadata": {
                "description": "The Kubernetes version"
            }
        },
        "enableHttpApplicationRouting": {
            "defaultValue": false,
            "type": "bool",
            "metadata": {
                "description": "boolean flag to turn on and off of http application routing"
            }
        },
        "networkPolicy": {
            "allowedValues": [
                "azure",
                "calico"
            ],
            "defaultValue": "azure",
            "type": "string",
            "metadata": {
                "description": "Network policy used for securing pods attached to Azure virtual network."
            }
        },
        "clusterServicePrincipalAppId": {
            "type": "securestring",
            "metadata": {
                "description": "Service Principal (Application Id) used to create/deleted managed Resources."
            }
        },
        "clusterServicePrincipalClientSecret": {
            "type": "securestring",
            "metadata": {
                "description": "Service Principal (Secret) used to create/deleted managed Resources."
            }
        },
        "AAD_ClientAppId": {
            "type": "securestring",
            "metadata": {
                "description": "The Application ID for the Client App Service Principal"
            }
        },
        "AAD_ServerAppId": {
            "type": "securestring",
            "metadata": {
                "description": "The Application ID for the Server App Service Principal"
            }
        },
        "AAD_ServerAppSecret": {
            "type": "securestring",
            "metadata": {
                "description": "The Service Principal Secret for the Client App Service Principal"
            }
        }
    },
    "variables": {
        "baseRef": "[split(resourceGroup().name,'-')]",
        "serviceTier": "[variables('baseRef')[0]]",
        "environment": "[variables('baseRef')[1]]",
        "portfolio": "[variables('baseRef')[2]]",
        "component": "[variables('baseRef')[3]]",
        "app": "[variables('baseRef')[4]]",
        "locationShort": "[variables('baseRef')[6]]",
        "numberIdentifier": "[variables('baseRef')[7]]",
        "baseSuffix": "[concat(variables('locationShort'),'-',variables('numberIdentifier'))]",
        "basePrefix": "[concat(variables('serviceTier'),'-',variables('environment'),'-',variables('portfolio'),'-',variables('component'),'-',variables('app'))]",
        "subResourcePrefix": "[concat(variables('serviceTier'),'-',variables('environment'),'-',variables('portfolio'),'-',variables('app'))]",
        "resourceNames": {
            "virtualNetwork": "[concat(variables('basePrefix'),'-vnet-',variables('baseSuffix'))]",
            "clusterName": "[parameters('clusterName')]",
            "managedResourceGroup": "[concat(resourceGroup().name,'-managed')]",
            "subnets": {
                "podsSubnet": "Private"
            }
        },
        "dnsPrefix": "[concat(variables('resourceNames').clusterName,'-dns')]",
        "managedResourceGroupTags": {
            "AppCode": "[resourceGroup().tags.AppCode]",
            "TransitCode": "[resourceGroup().tags.TransitCode]",
            "App": "[resourceGroup().tags.App]",
            "Portfolio": "[resourceGroup().tags.Portfolio]",
            "Environment": "[resourceGroup().tags.Environment]",
            "LoB": "[resourceGroup().tags.LoB]",

            "Branch": "[resourceGroup().tags.Branch]",
            "Build": "[resourceGroup().tags.Build]",
            "CommitHash": "[resourceGroup().tags.CommitHash]",
            "Released": "[resourceGroup().tags.Released]",
            "Component": "[resourceGroup().tags.Component]",
            "ServiceTier": "[resourceGroup().tags.ServiceTier]",

            "DataClassification": "[resourceGroup().tags.DataClassification]",
            "Compliance": "[resourceGroup().tags.Compliance]"
        },
        "vnetSubnetId": "[resourceId(resourceGroup().name,'Microsoft.Network/virtualNetworks/subnets',variables('resourceNames').virtualNetwork, variables('resourceNames').subnets.podsSubnet)]"
    },
    "resources": [
        {
            "type": "Microsoft.ContainerService/managedClusters",
            "name": "[variables('resourceNames').clusterName]",
            "apiVersion": "2019-06-01",
            "location": "[resourceGroup().location]",
            "dependsOn": [
            ],
            "tags": "[variables('managedResourceGroupTags')]",
            "properties": {
                "kubernetesVersion": "[parameters('kubernetesVersion')]",
                "enableRBAC": true,
                "nodeResourceGroup": "[variables('resourceNames').managedResourceGroup]",
                "enablePodSecurityPolicy": true,
                "dnsPrefix": "[variables('dnsPrefix')]",
                "servicePrincipalProfile": {
                    "clientId": "[parameters('clusterServicePrincipalAppId')]",
                    "secret": "[parameters('clusterServicePrincipalClientSecret')]"
                },
                "aadProfile": {
                    "clientAppID": "[parameters('AAD_ClientAppId')]",
                    "serverAppID": "[parameters('AAD_ServerAppId')]",
                    "serverAppSecret": "[parameters('AAD_ServerAppSecret')]"
                },
                "addonProfiles": {
                    "httpApplicationRouting": {
                        "enabled": "[parameters('enableHttpApplicationRouting')]"
                    },
                    "kubeDashboard": {
                        "config": null,
                        "enabled": false
                    },
                    "omsagent": {
                        "enabled": false,
                        "config": null
                    }
                },
                "agentPoolProfiles": [
                    {
                        "name": "[parameters('agentPoolProfiles')[0].poolName]",
                        "enableAutoScaling": "[parameters('agentPoolProfiles')[0].enableAutoScaling]",
                        "maxCount": "[if(parameters('agentPoolProfiles')[0].enableAutoScaling, parameters('agentPoolProfiles')[0].maxCount, json('null'))]",
                        "minCount": "[if(parameters('agentPoolProfiles')[0].enableAutoScaling, parameters('agentPoolProfiles')[0].minCount, json('null'))]",
                        "enableNodePublicIp": false,
                        "osDiskSizeGB": "[parameters('agentPoolProfiles')[0].osDiskSizeGB]",
                        "count": "[parameters('agentPoolProfiles')[0].workerNodeCount]",
                        "vmSize": "[parameters('agentPoolProfiles')[0].workerNodeVMSize]",
                        "osType": "[parameters('agentPoolProfiles')[0].workerOsType]",
                        "storageProfile": "ManagedDisks",
                        "vnetSubnetID": "[variables('vnetSubnetID')]",
                        "maxPods": "[parameters('agentPoolProfiles')[0].maxPods]",
                        "type": "VirtualMachineScaleSets"
                    }
                ],
                "networkProfile": {
                    "networkPlugin": "azure",
                    "networkPolicy": "[parameters('networkPolicy')]",
                    "serviceCidr": "[parameters('ServiceAddressPrefix')]",
                    "dnsServiceIP": "[parameters('dnsServiceIP')]",
                    "loadBalancerSku": "standard"
                }
            }
        },
        {
            "apiVersion": "2019-06-01",
            "location": "[resourceGroup().location]",
            "type": "Microsoft.ContainerService/managedClusters/agentPools",
            "condition": "[greater(length(parameters('agentPoolProfiles')), 1)]",
            "name": "[concat(variables('resourceNames').clusterName,'/',parameters('agentPoolProfiles')[copyIndex('agentPoolProfiles')].poolName)]",
            "tags": "[variables('managedResourceGroupTags')]",
            "dependsOn": [
                "[variables('resourceNames').clusterName]"
            ],
            "copy": {
                "name": "agentPoolProfiles",
                "count": "[length(parameters('agentPoolProfiles'))]"
            },
            "properties": {
                "osType": "[parameters('agentPoolProfiles')[copyIndex('agentPoolProfiles')].workerOsType]",
                "enableNodePublicIp": false,
                "storageProfile": "ManagedDisks",
                "type": "VirtualMachineScaleSets",
                "vnetSubnetID": "[variables('vnetSubnetID')]",
                "name": "[parameters('agentPoolProfiles')[copyIndex('agentPoolProfiles')].poolName]",
                "maxPods": "[parameters('agentPoolProfiles')[copyIndex('agentPoolProfiles')].maxPods]",
                "count": "[parameters('agentPoolProfiles')[copyIndex('agentPoolProfiles')].workerNodeCount]",
                "vmSize": "[parameters('agentPoolProfiles')[copyIndex('agentPoolProfiles')].workerNodeVMSize]",
                "osDiskSizeGB": "[parameters('agentPoolProfiles')[copyIndex('agentPoolProfiles')].osDiskSizeGB]",
                "enableAutoScaling": "[parameters('agentPoolProfiles')[copyIndex('agentPoolProfiles')].enableAutoScaling]",
                "maxCount": "[if(parameters('agentPoolProfiles')[copyIndex('agentPoolProfiles')].enableAutoScaling, parameters('agentPoolProfiles')[copyIndex('agentPoolProfiles')].maxCount, json('null'))]",
                "minCount": "[if(parameters('agentPoolProfiles')[copyIndex('agentPoolProfiles')].enableAutoScaling, parameters('agentPoolProfiles')[copyIndex('agentPoolProfiles')].minCount, json('null'))]"
            }
        }
    ],
    "outputs": {
        "controlPlaneFQDN": {
            "type": "string",
            "value": "[reference(concat('Microsoft.ContainerService/managedClusters/', variables('resourceNames').clusterName)).fqdn]"
        }
    }
}
