{
    "$schema": "https://schema.management.azure.com/schemas/2019-04-01/deploymentTemplate.json#",
    "contentVersion": "1.0.0.0",
    "parameters": {
        "clusterName": {
            "type": "string",
            "metadata": {
                "description": "The name of the cluster"
            }
        },
        "ServiceAddressPrefix": {
            "type": "string",
            "defaultValue": "172.18.0.0/18",
            "metadata": {
                "description": "The address space in CIDR notation for the Kubernetes services. The range should be a subset of the VnetAddressPrefix and should not overlap with PodSubnetAddressPrefix"
            }
        },
        "dnsServiceIP": {
            "type": "string",
            "defaultValue": "172.18.0.10",
            "metadata": {
                "description": "Containers DNS server IP address. It must be within the ServiceAddressPrefix range."
            }
        },
        "agentPoolProfiles": {
            "type": "array",
            "metadata": {
                "description": "Define one or multiple node pools configs."
            }
        },
        "kubernetesVersion": {
            "type": "string",
            "metadata": {
                "description": "The Kubernetes version"
            }
        },
        "enableHttpApplicationRouting": {
            "defaultValue": false,
            "type": "bool",
            "metadata": {
                "description": "boolean flag to turn on and off of http application routing"
            }
        },
        "networkPolicy": {
            "allowedValues": [
                "azure",
                "calico",
                "calicoEnterprise"
            ],
            "defaultValue": "calico",
            "type": "string",
            "metadata": {
                "description": "Network policy used for securing pods attached to Azure virtual network."
            }
        },
        "skuTier": {
            "allowedValues": [
                "Free",
                "Paid"
            ],
            "defaultValue": "Free",
            "type": "string",
            "metadata": {
                "description": "The SKU of the Managed Cluster."
            }
        },
        "enableCMK": {
            "defaultValue": "true",
            "type": "bool",
            "metadata": {
                "description": "enable CMK for new clusters"
            }
        },
        "diskEncryptionSetID": {
            "type": "string",
            "metadata": {
                "description": "using RBC key to encrypt cluster OS disk"
            }
        },
        "disableLocalAccounts": {
            "defaultValue": "true",
            "type": "bool",
            "metadata": {
                "description": "Static credentials will be disabled for this cluster"
            }
        },
        "adminGroupObjectIDs": {
            "type": "array",
            "allowedValues": [
                "d5b703d2-4b19-4d9f-b5d1-ea2ed33cedeb",
                "713574c0-68e6-411a-8c21-b1fd84622b9e",
                "0d8d4567-ed71-49da-b434-21508e7540a0"
            ],
            "metadata": {
                "description": "The list of AAD group object IDs that will have admin role of the cluster."
            }
        }
    },
    "variables": {
        "baseRef": "[split(resourceGroup().name,'-')]",
        "serviceTier": "[variables('baseRef')[0]]",
        "environment": "[variables('baseRef')[1]]",
        "portfolio": "[variables('baseRef')[2]]",
        "component": "[variables('baseRef')[3]]",
        "app": "[variables('baseRef')[4]]",
        "locationShort": "[variables('baseRef')[6]]",
        "numberIdentifier": "[variables('baseRef')[7]]",
        "baseSuffix": "[concat(variables('locationShort'),'-',variables('numberIdentifier'))]",
        "basePrefix": "[concat(variables('serviceTier'),'-',variables('environment'),'-',variables('portfolio'),'-',variables('component'),'-',variables('app'))]",
        "subResourcePrefix": "[concat(variables('serviceTier'),'-',variables('environment'),'-',variables('portfolio'),'-',variables('app'))]",
        "resourceNames": {
            "virtualNetwork": "[concat(variables('basePrefix'),'-vnet-',variables('baseSuffix'))]",
            "clusterName": "[parameters('clusterName')]",
            "managedResourceGroup": "[concat(resourceGroup().name,'-managed')]",
            "subnets": {
                "podsSubnet": "Private"
            }
        },
        "dnsPrefix": "[concat(variables('resourceNames').clusterName,'-dns')]",
        "managedResourceGroupTags": {
            "AppCode": "[resourceGroup().tags.AppCode]",
            "TransitCode": "[resourceGroup().tags.TransitCode]",
            "App": "[resourceGroup().tags.App]",
            "Portfolio": "[resourceGroup().tags.Portfolio]",
            "Environment": "[resourceGroup().tags.Environment]",
            "LoB": "[resourceGroup().tags.LoB]",

            "Branch": "[resourceGroup().tags.Branch]",
            "Build": "[resourceGroup().tags.Build]",
            "CommitHash": "[resourceGroup().tags.CommitHash]",
            "Released": "[resourceGroup().tags.Released]",
            "Component": "[resourceGroup().tags.Component]",
            "ServiceTier": "[resourceGroup().tags.ServiceTier]",

            "DataClassification": "[resourceGroup().tags.DataClassification]",
            "Compliance": "[resourceGroup().tags.Compliance]"
        },
        "copy": [
            {
                "name": "nodepoolTags",
                "count": "[length(parameters('agentPoolProfiles'))]",
                "input": {
                    "DedicatedNodePool": "[parameters('agentPoolProfiles')[copyIndex('nodepoolTags')].dedicatedNodePool]",
                    "ClientAppCode": "[if(equals(parameters('agentPoolProfiles')[copyIndex('nodepoolTags')].dedicatedNodePool, 'true'), toUpper(parameters('agentPoolProfiles')[copyIndex('nodepoolTags')].clientAppCode), variables('managedResourceGroupTags').AppCode)]"
                }
            }
        ],
        "vnetSubnetId": "[resourceId(resourceGroup().name,'Microsoft.Network/virtualNetworks/subnets',variables('resourceNames').virtualNetwork, variables('resourceNames').subnets.podsSubnet)]"
    },
    "resources": [
        {
            "type": "Microsoft.ContainerService/managedClusters",
            "name": "[variables('resourceNames').clusterName]",
            "apiVersion": "2021-08-01",
            "location": "[resourceGroup().location]",
            "dependsOn": [
            ],
            "tags": "[variables('managedResourceGroupTags')]",
            "identity": {
              "type": "SystemAssigned"
            },
            "sku": {
                "name": "Basic",
                "tier": "[parameters('skuTier')]"
            },
            "properties": {
                "kubernetesVersion": "[parameters('kubernetesVersion')]",
                "enableRBAC": true,
                "nodeResourceGroup": "[variables('resourceNames').managedResourceGroup]",
                "enablePodSecurityPolicy": true,
                "dnsPrefix": "[variables('dnsPrefix')]",

                "aadProfile": {
                  "managed": true,
                  "adminGroupObjectIDs": "[parameters('adminGroupObjectIDs')]"
                },
                "addonProfiles": {
                    "httpApplicationRouting": {
                        "enabled": "[parameters('enableHttpApplicationRouting')]"
                    },
                    "kubeDashboard": {
                        "config": null,
                        "enabled": false
                    },
                    "omsagent": {
                        "enabled": false,
                        "config": null
                    }
                },
                "agentPoolProfiles": [
                    {
                        "name": "[parameters('agentPoolProfiles')[0].poolName]",
                        "osType": "[parameters('agentPoolProfiles')[0].workerOsType]",
                        "enableNodePublicIp": false,
                        "storageProfile": "ManagedDisks",
                        "type": "VirtualMachineScaleSets",
                        "vnetSubnetID": "[variables('vnetSubnetID')]",
                        "maxPods": "[parameters('agentPoolProfiles')[0].maxPods]",
                        "count": "[parameters('agentPoolProfiles')[0].workerNodeCount]",
                        "vmSize": "[parameters('agentPoolProfiles')[0].workerNodeVMSize]",
                        "osDiskSizeGB": "[parameters('agentPoolProfiles')[0].osDiskSizeGB]",
                        "enableAutoScaling": "[parameters('agentPoolProfiles')[0].enableAutoScaling]",
                        "maxCount": "[if(parameters('agentPoolProfiles')[0].enableAutoScaling, parameters('agentPoolProfiles')[0].maxCount, json('null'))]",
                        "minCount": "[if(parameters('agentPoolProfiles')[0].enableAutoScaling, parameters('agentPoolProfiles')[0].minCount, json('null'))]",
                        "mode": "[parameters('agentPoolProfiles')[0].mode]",
                        "nodeTaints": "[parameters('agentPoolProfiles')[0].nodeTaints]",
                        "availabilityZones": "[if(parameters('agentPoolProfiles')[0].enableAvailabilityZones, parameters('agentPoolProfiles')[0].availabilityZones, json('null'))]",
                        "orchestratorVersion": "[parameters('kubernetesVersion')]"
                    }
                ],
                "networkProfile": {
                    "networkPlugin": "azure",
                    "networkPolicy": "[if(equals(parameters('networkPolicy'), 'calicoEnterprise'),'', parameters('networkPolicy'))]",
                    "networkMode": "transparent",
                    "serviceCidr": "[parameters('ServiceAddressPrefix')]",
                    "dnsServiceIP": "[parameters('dnsServiceIP')]",
                    "loadBalancerSku": "standard",
                    "outboundType": "userDefinedRouting"
                },
                "disableLocalAccounts": "[parameters('disableLocalAccounts')]",
                "diskEncryptionSetID": "[if(parameters('enableCMK'), parameters('diskEncryptionSetID'), json('null'))]",
                "apiServerAccessProfile": {
	                "enablePrivateCluster": true,
			"disableRunCommand": false	
	            }
            }
        },
        {
            "apiVersion": "2021-08-01",
            "location": "[resourceGroup().location]",
            "type": "Microsoft.ContainerService/managedClusters/agentPools",
            "condition": "[greater(length(parameters('agentPoolProfiles')), 1)]",
            "name": "[concat(variables('resourceNames').clusterName,'/',parameters('agentPoolProfiles')[copyIndex('agentPoolProfiles')].poolName)]",
            "dependsOn": [
                "[variables('resourceNames').clusterName]"
            ],
            "copy": {
                "name": "agentPoolProfiles",
                "count": "[length(parameters('agentPoolProfiles'))]"
            },
            "properties": {
                "name": "[parameters('agentPoolProfiles')[copyIndex('agentPoolProfiles')].poolName]",
                "tags": "[union(variables('managedResourceGroupTags'),variables('nodepoolTags')[copyIndex('agentPoolProfiles')])]",
                "osType": "[parameters('agentPoolProfiles')[copyIndex('agentPoolProfiles')].workerOsType]",
                "enableNodePublicIp": false,
                "storageProfile": "ManagedDisks",
                "type": "VirtualMachineScaleSets",
                "vnetSubnetID": "[variables('vnetSubnetID')]",
                "maxPods": "[parameters('agentPoolProfiles')[copyIndex('agentPoolProfiles')].maxPods]",
                "count": "[parameters('agentPoolProfiles')[copyIndex('agentPoolProfiles')].workerNodeCount]",
                "vmSize": "[parameters('agentPoolProfiles')[copyIndex('agentPoolProfiles')].workerNodeVMSize]",
                "osDiskSizeGB": "[parameters('agentPoolProfiles')[copyIndex('agentPoolProfiles')].osDiskSizeGB]",
                "enableAutoScaling": "[parameters('agentPoolProfiles')[copyIndex('agentPoolProfiles')].enableAutoScaling]",
                "maxCount": "[if(parameters('agentPoolProfiles')[copyIndex('agentPoolProfiles')].enableAutoScaling, parameters('agentPoolProfiles')[copyIndex('agentPoolProfiles')].maxCount, json('null'))]",
                "minCount": "[if(parameters('agentPoolProfiles')[copyIndex('agentPoolProfiles')].enableAutoScaling, parameters('agentPoolProfiles')[copyIndex('agentPoolProfiles')].minCount, json('null'))]",
                "mode": "[parameters('agentPoolProfiles')[copyIndex('agentPoolProfiles')].mode]",
                "nodeTaints": "[parameters('agentPoolProfiles')[copyIndex('agentPoolProfiles')].nodeTaints]",
                "availabilityZones": "[if(parameters('agentPoolProfiles')[copyIndex('agentPoolProfiles')].enableAvailabilityZones, parameters('agentPoolProfiles')[copyIndex('agentPoolProfiles')].availabilityZones, json('null'))]",
                "orchestratorVersion": "[parameters('kubernetesVersion')]"
            }
        }
    ]
}
