{
  "$schema": "https://schema.management.azure.com/schemas/2018-05-01/subscriptionDeploymentTemplate.json#",
  "contentVersion": "1.0.0.1",
  "parameters": {
    "redisSubscriptionId": {
      "type": "string",
      "metadata": {
        "description": "Subscription Id for the Redis network"
      }
    },
    "redisResourceGroup": {
      "type": "string",
      "metadata": {
        "description": "Resource group with the redis virtual network"
      }
    },
    "redisVnetName": {
      "type": "string",
      "metadata": {
        "description": "Virtual Network Name in the redis"
      }
    },
    "leafSubscriptionId": {
      "type": "string",
      "metadata": {
        "description": "Subscription Id for the leaf network"
      }
    },
    "leafResourceGroup": {
      "type": "string",
      "metadata": {
        "description": "Resource group with the leaf virtual network"
      }
    },
    "leafVnetName": {
      "type": "string",
      "metadata": {
        "description": "Virtual Network Name in the leaf"
      }
    },
    "peeringName": {
      "type": "string",
      "metadata": {
        "description": "Name of the peering to shared sercices"
      }
    }
  },

  "variables": {
    "redisVnetId": "[resourceId(parameters('redisSubscriptionId'), parameters('redisResourceGroup'), 'Microsoft.Network/virtualNetworks', parameters('redisVnetName'))]",
    "leafVnetId": "[resourceId(parameters('leafSubscriptionId'), parameters('leafResourceGroup'), 'Microsoft.Network/virtualNetworks', parameters('leafVnetName'))]"
  },
  "resources": [
    {
      "type": "Microsoft.Resources/deployments",
      "apiVersion": "2018-05-01",
      "name": "RedisToLeaf",
      "subscriptionId": "[parameters('redisSubscriptionId')]",
      "resourceGroup": "[parameters('redisResourceGroup')]",
      "properties": {
        "mode": "Incremental",
        "template": {
          "$schema": "https://schema.management.azure.com/schemas/2015-01-01/deploymentTemplate.json#",
          "contentVersion": "1.0.0.0",
          "resources": [
            {
              "name": "[concat(parameters('redisVnetName'),'/', parameters('peeringName'))]",
              "type": "Microsoft.Network/virtualNetworks/virtualNetworkPeerings",
              "apiVersion": "2018-11-01",
              "properties": {
                "allowVirtualNetworkAccess": true,
                "allowForwardedTraffic": true,
                "allowGatewayTransit": false,
                "useRemoteGateways": false,
                "remoteVirtualNetwork": {
                  "id": "[variables('leafVnetId')]"
                }
              }
            }
          ]
        }
      }
    },
    {
      "type": "Microsoft.Resources/deployments",
      "apiVersion": "2018-05-01",
      "name": "leafToRedis",
      "subscriptionId": "[parameters('leafSubscriptionId')]",
      "resourceGroup": "[parameters('leafResourceGroup')]",
      "properties": {
        "mode": "Incremental",
        "template": {
          "$schema": "https://schema.management.azure.com/schemas/2015-01-01/deploymentTemplate.json#",
          "contentVersion": "1.0.0.0",
          "resources": [
            {
              "name": "[concat(parameters('leafVnetName'),'/', parameters('peeringName'))]",
              "type": "Microsoft.Network/virtualNetworks/virtualNetworkPeerings",
              "apiVersion": "2018-11-01",
              "properties": {
                "allowVirtualNetworkAccess": true,
                "allowForwardedTraffic": false,
                "allowGatewayTransit": false,
                "useRemoteGateways": false,
                "remoteVirtualNetwork": {
                  "id": "[variables('redisVnetId')]"
                }
              }
            }
          ]
        }
      }
    }
  ],
  "outputs": {}
}
