{
  "$schema": "https://schema.management.azure.com/schemas/2019-04-01/deploymentTemplate.json#",
  "contentVersion": "1.0.0.0",
  "outputs": {
    "fqdn": {
      "type": "string",
      "value": "[reference(parameters('instanceName')).fullyQualifiedDomainName]"
    },
    "id": {
      "type": "string",
      "value": "[resourceId('Microsoft.Sql/managedInstances', parameters('instanceName'))]"
    }
  },
  "parameters": {
    "userAssignedIdentityId": {
      "type": "string"
    },
    "instanceName": {
      "type": "string"
    },
    "location": {
      "type": "string"
    },
    "sqlSubnetId": {
      "type": "string"
    },
    "skuName": {
      "type": "string",
      "defaultValue": "GP_Gen5"
    },
    "skuTier": {
      "type": "string",
      "allowedValues": [
        "GeneralPurpose",
        "BusinessCritical"
      ],
      "defaultValue": "GeneralPurpose"
    },
    "skuFamily": {
      "type": "string",
      "defaultValue": "Gen5"
    },
    "dnsZonePartner": {
      "type": "string"
    },
    "zoneRedundant": {
      "type": "bool"
    },
    "adminLogin": {
      "type": "string"
    },
    "adminPassword": {
      "type": "securestring"
    },
    "storageSizeInGB": {
      "type": "string"
    },
    "vCores": {
      "type": "string"
    },
    "maintenanceConfigurationId": {
      "type": "string"
    },
    "requestedBackupStorageRedundancy": {
      "type": "string"
    },
    "timeZone": {
      "type": "string"
    },
    "tags": {
      "defaultValue": {},
      "type": "object"
    }
  },
  "variables": {},
  "resources": [
    {
      "type": "Microsoft.Sql/managedInstances",
      "apiVersion": "2021-11-01-preview",
      "name": "[parameters('instanceName')]",
      "location": "[parameters('location')]",
      "tags": "[parameters('tags')]",
      "sku": {
        "name": "[parameters('skuName')]",
        "tier": "[parameters('skuTier')]",
        "family": "[parameters('skuFamily')]",
        "capacity": 4
      },
      "identity": {
        "type": "SystemAssigned, UserAssigned",
        "userAssignedIdentities": {
          "[parameters('userAssignedIdentityId')]": {}
        }
      },
      "properties": {
        "administratorLogin": "[parameters('adminLogin')]",
        "administratorLoginPassword": "[parameters('adminPassword')]",
        "primaryUserAssignedIdentityId": "[parameters('userAssignedIdentityId')]",
        "subnetId": "[parameters('sqlSubnetId')]",
        "licenseType": "BasePrice",
        "vCores": "[parameters('vCores')]",
        "storageSizeInGB": "[parameters('storageSizeInGB')]",
        "collation": "SQL_Latin1_General_CP1_CI_AS",
        "publicDataEndpointEnabled": false,
        "minimalTlsVersion": "1.2",
        "requestedBackupStorageRedundancy": "[parameters('requestedBackupStorageRedundancy')]",
        "timezoneId": "[parameters('timeZone')]",
        "zoneRedundant": "[parameters('zoneRedundant')]",
        "dnsZonePartner": "[parameters('dnsZonePartner')]",
        "maintenanceConfigurationId": "[parameters('maintenanceConfigurationId')]"
      }
    },
    {
      "type": "Microsoft.Sql/managedInstances/securityAlertPolicies",
      "apiVersion": "2021-11-01-preview",
      "name": "[concat(parameters('instanceName'), '/Default')]",
      "dependsOn": [
        "[resourceId('Microsoft.Sql/managedInstances', parameters('instanceName'))]"
      ],
      "properties": {
        "state": "Enabled",
        "disabledAlerts": [
          ""
        ],
        "emailAddresses": [
          ""
        ],
        "emailAccountAdmins": false,
        "retentionDays": 0
      }
    }
  ]
}