{
   "$schema":"http://schema.management.azure.com/schemas/2015-01-01/deploymentTemplate.json#",
   "contentVersion":"1.0.0.0",
   "parameters":{
      "location":{
         "type":"string"
      },
      "vmssName":{
         "type":"string"
      },
      "instanceCount":{
         "type":"string"
      },
      "image":{
         "defaultValue":"/subscriptions/74113ded-8cfe-45c9-9b91-9f02d50994f7/resourceGroups/e-eng-ccoe-sharedservices-jumpbox-rg-cac-1/providers/Microsoft.Compute/images/aks-jb-base",
         "type":"string"
      },
      "subnetId":{
         "type":"string"
      },
      "adminUsername":{
         "type":"string"
      },
      "adminPassword":{
         "type":"securestring"
      },
      "networkSecurityGroupId":{
         "type":"string"
      }
   },
   "variables":{
      "namingInfix":"[toLower(substring(concat(parameters('vmssName'), uniqueString(resourceGroup().id)), 0, 9))]",
      "networkApiVersion":"2018-01-01",
      "storageApiVersion":"2019-06-01",
      "computeApiVersion":"2019-03-01",
      "autoscaleApiVersion":"2015-04-01",
      "vmssId":"[resourceId('Microsoft.Compute/virtualMachineScaleSets', parameters('vmssName'))]"
   },
   "resources":[
      {
         "name":"[parameters('vmssName')]",
         "type":"Microsoft.Compute/virtualMachineScaleSets",
         "apiVersion":"[variables('computeApiVersion')]",
         "location":"[parameters('location')]",
         "dependsOn":[

         ],
         "tags":{
            "JumpBoxName":"[parameters('vmssName')]"
         },
         "sku":{
            "name":"Standard_D3_v2",
            "tier":"Standard",
            "capacity":"[int(parameters('instanceCount'))]"
         },
         "plan":{
            "name":"cis-ws2016-l1",
            "product":"cis-windows-server-2016-v1-0-0-l1",
            "publisher":"center-for-internet-security-inc"
         },
         "properties":{
            "overprovision":"true",
            "upgradePolicy":{
               "mode":"Manual"
            },
            "singlePlacementGroup":"true",
            "virtualMachineProfile":{
               "storageProfile":{
                  "imageReference":{
                     "id":"[parameters('image')]"
                  },
                  "osDisk":{
                     "createOption":"fromImage",
                     "caching":"ReadWrite"
                  }
               },
               "priority":"Regular",
               "osProfile":{
                  "computerNamePrefix":"[variables('namingInfix')]",
                  "adminUsername":"[parameters('adminUsername')]",
                  "adminPassword":"[parameters('adminPassword')]"
               },
               "networkProfile":{
                  "networkInterfaceConfigurations":[
                     {
                        "name":"[concat(parameters('vmssName'), 'Nic')]",
                        "properties":{
                           "primary":"true",
                           "enableAcceleratedNetworking":"true",
                           "ipConfigurations":[
                              {
                                 "name":"[concat(parameters('vmssName'), 'IpConfig')]",
                                 "properties":{
                                    "subnet":{
                                       "id":"[parameters('subnetId')]"
                                    }
                                 }
                              }
                           ],
                           "networkSecurityGroup":{
                              "id":"[parameters('networkSecurityGroupId')]"
                           }
                        }
                     }
                  ]
               }
            }
         }
      },
      {
         "name":"[concat('jumpBoxScheduler', parameters('vmssName'))]",
         "type":"microsoft.insights/autoscalesettings",
         "apiVersion":"2015-04-01",
         "location":"[parameters('location')]",
         "tags":{
            "JumpBoxName":"[parameters('vmssName')]"
         },
         "dependsOn":[
            "[variables('vmssId')]"
         ],
         "properties":{
            "name":"[concat('jumpBoxScheduler', parameters('vmssName'))]",
            "enabled":true,
            "targetResourceUri":"[variables('vmssId')]",
            "targetResourceLocation":"[parameters('location')]",
            "profiles":[
               {
                  "name":"WorkHours",
                  "capacity":{
                     "minimum":"[int(parameters('instanceCount'))]",
                     "maximum":"[int(parameters('instanceCount'))]",
                     "default":"[int(parameters('instanceCount'))]"
                  },
                  "rules":[

                  ],
                  "recurrence":{
                     "frequency":"Week",
                     "schedule":{
                        "timeZone":"Eastern Standard Time",
                        "days":[
                           "Monday",
                           "Tuesday",
                           "Wednesday",
                           "Thursday",
                           "Friday"
                        ],
                        "hours":[
                           8
                        ],
                        "minutes":[
                           0
                        ]
                     }
                  }
               },
               {
                  "name":"off-WorksHours",
                  "capacity":{
                     "minimum":"0",
                     "maximum":"0",
                     "default":"0"
                  },
                  "rules":[

                  ],
                  "recurrence":{
                     "frequency":"Week",
                     "schedule":{
                        "timeZone":"Eastern Standard Time",
                        "days":[
                           "Monday",
                           "Tuesday",
                           "Wednesday",
                           "Thursday",
                           "Friday",
                           "Saturday",
                           "Sunday"
                        ],
                        "hours":[
                           18
                        ],
                        "minutes":[
                           0
                        ]
                     }
                  }
               },
               {
                  "name":"{\"name\":\"Auto created scale condition\",\"for\":\"WorkHours\"}",
                  "capacity":{
                     "minimum":"0",
                     "maximum":"0",
                     "default":"0"
                  },
                  "rules":[

                  ],
                  "recurrence":{
                     "frequency":"Week",
                     "schedule":{
                        "timeZone":"Eastern Standard Time",
                        "days":[
                           "Monday",
                           "Tuesday",
                           "Wednesday",
                           "Thursday",
                           "Friday"
                        ],
                        "hours":[
                           17
                        ],
                        "minutes":[
                           59
                        ]
                     }
                  }
               },
               {
                  "name":"{\"name\":\"Auto created scale condition\",\"for\":\"off-WorksHours\"}",
                  "capacity":{
                     "minimum":"0",
                     "maximum":"0",
                     "default":"0"
                  },
                  "rules":[

                  ],
                  "recurrence":{
                     "frequency":"Week",
                     "schedule":{
                        "timeZone":"Eastern Standard Time",
                        "days":[
                           "Monday",
                           "Tuesday",
                           "Wednesday",
                           "Thursday",
                           "Friday",
                           "Saturday",
                           "Sunday"
                        ],
                        "hours":[
                           7
                        ],
                        "minutes":[
                           59
                        ]
                     }
                  }
               }
            ]
         }
      }
   ]
}
