{
  "$schema": "https://schema.management.azure.com/schemas/2019-04-01/deploymentTemplate.json#",
  "contentVersion": "1.0.0.0",
  "outputs": {},
  "parameters": {
    "tags": {
      "defaultValue": {},
      "metadata": {
        "description": "Tags for the Managed Instance SQL resource."
      },
      "type": "object"
    },
    "instanceName": {
      "metadata": {
        "description": "instanceName of the Azure SQL Managed Instance - must be globally unique, contain only lowercase letters, numbers and '-'"
      },
      "type": "string"
    },
    "sqlKeyName": {
      "metadata": {
        "description": "KeyVault TDE Key name"
      },
      "type": "string"
    }
  },
  "variables": {},
  "resources": [
    {
      "type": "Microsoft.Sql/managedInstances/encryptionProtector",
      "apiVersion": "2021-11-01-preview",
      "name": "[concat(parameters('instanceName'), '/current')]",
      "kind": "azurekeyvault",
      "properties": {
        "serverKeyName": "[parameters('sqlKeyName')]",
        "serverKeyType": "AzureKeyVault",
        "autoRotationEnabled": false
      }
    }
  ]
}