{
  "$schema": "https://schema.management.azure.com/schemas/2019-04-01/deploymentTemplate.json#",
  "contentVersion": "1.0.0.0",
  "outputs": {},
  "parameters": {
    "tags": {
      "defaultValue": {},
      "type": "object"
    },
    "instanceName": {
      "type": "string"
    },
    "rgName": {
      "type": "string"
    },
    "akvName": {
      "type": "string"
    },
    "objectId": {
      "type": "string"
    },
    "sqlKeyURL": {
      "type": "string"
    },
    "sqlKeyName": {
      "type": "string"
    }
  },
  "variables": {},
  "resources": [
    {
      "type": "Microsoft.Sql/managedInstances/keys",
      "apiVersion": "2021-11-01-preview",
      "name": "[concat(parameters('instanceName'), '/', parameters('sqlKeyName') )]",
      "dependsOn": [],
      "properties": {
        "serverKeyType": "AzureKeyVault",
        "uri": "[parameters('sqlKeyURL')]"
      }
    }
  ]
}